PRAGMA foreign_keys=OFF;
BEGIN TRANSACTION;
CREATE TABLE "django_migrations" ("id" integer NOT NULL PRIMARY KEY AUTOINCREMENT, "app" varchar(255) NOT NULL, "name" varchar(255) NOT NULL, "applied" datetime NOT NULL);
INSERT INTO "django_migrations" VALUES(1,'AuthenticationApp','0001_initial','2016-11-13 16:17:57.319578');
INSERT INTO "django_migrations" VALUES(2,'CompaniesApp','0001_initial','2016-11-13 16:17:57.338996');
INSERT INTO "django_migrations" VALUES(3,'GroupsApp','0001_initial','2016-11-13 16:17:57.364703');
INSERT INTO "django_migrations" VALUES(4,'ProjectsApp','0001_initial','2016-11-13 16:17:57.375258');
INSERT INTO "django_migrations" VALUES(5,'UniversitiesApp','0001_initial','2016-11-13 16:17:57.398596');
INSERT INTO "django_migrations" VALUES(6,'UniversitiesApp','0002_course','2016-11-13 16:17:57.423410');
INSERT INTO "django_migrations" VALUES(7,'UniversitiesApp','0003_course_members','2016-11-13 16:17:57.447807');
INSERT INTO "django_migrations" VALUES(8,'UniversitiesApp','0004_auto_20161108_1557','2016-11-13 16:17:57.493000');
INSERT INTO "django_migrations" VALUES(9,'contenttypes','0001_initial','2016-11-13 16:17:57.518700');
INSERT INTO "django_migrations" VALUES(10,'admin','0001_initial','2016-11-13 16:17:57.547111');
INSERT INTO "django_migrations" VALUES(11,'admin','0002_logentry_remove_auto_add','2016-11-13 16:17:57.581046');
INSERT INTO "django_migrations" VALUES(12,'contenttypes','0002_remove_content_type_name','2016-11-13 16:17:57.656826');
INSERT INTO "django_migrations" VALUES(13,'auth','0001_initial','2016-11-13 16:17:57.738016');
INSERT INTO "django_migrations" VALUES(14,'auth','0002_alter_permission_name_max_length','2016-11-13 16:17:57.794604');
INSERT INTO "django_migrations" VALUES(15,'auth','0003_alter_user_email_max_length','2016-11-13 16:17:57.825857');
INSERT INTO "django_migrations" VALUES(16,'auth','0004_alter_user_username_opts','2016-11-13 16:17:57.865905');
INSERT INTO "django_migrations" VALUES(17,'auth','0005_alter_user_last_login_null','2016-11-13 16:17:57.895718');
INSERT INTO "django_migrations" VALUES(18,'auth','0006_require_contenttypes_0002','2016-11-13 16:17:57.900623');
INSERT INTO "django_migrations" VALUES(19,'auth','0007_alter_validators_add_error_messages','2016-11-13 16:17:57.933611');
INSERT INTO "django_migrations" VALUES(20,'auth','0008_alter_user_username_max_length','2016-11-13 16:17:57.966346');
INSERT INTO "django_migrations" VALUES(21,'sessions','0001_initial','2016-11-13 16:17:57.982820');
INSERT INTO "django_migrations" VALUES(22,'CommentsApp','0001_initial','2016-11-13 16:55:45.836972');
INSERT INTO "django_migrations" VALUES(23,'AuthenticationApp','0002_auto_20161113_0952','2016-11-23 04:45:06.057223');
INSERT INTO "django_migrations" VALUES(24,'AuthenticationApp','0003_student','2016-11-23 04:45:06.093106');
INSERT INTO "django_migrations" VALUES(25,'AuthenticationApp','0004_professor','2016-11-24 02:32:43.631405');
INSERT INTO "django_migrations" VALUES(26,'AuthenticationApp','0005_professor_university','2016-11-24 05:21:55.961755');
INSERT INTO "django_migrations" VALUES(27,'AuthenticationApp','0006_engineer','2016-11-24 06:00:53.510852');
INSERT INTO "django_migrations" VALUES(28,'AuthenticationApp','0007_auto_20161125_0506','2016-11-25 05:06:54.939444');
INSERT INTO "django_migrations" VALUES(29,'AuthenticationApp','0008_auto_20161126_0621','2016-11-26 07:18:07.277518');
INSERT INTO "django_migrations" VALUES(30,'AuthenticationApp','0009_auto_20161126_0658','2016-11-26 07:58:21.156975');
INSERT INTO "django_migrations" VALUES(31,'AuthenticationApp','0010_auto_20161126_0700','2016-11-26 08:00:21.580322');
INSERT INTO "django_migrations" VALUES(32,'AuthenticationApp','0011_auto_20161126_0719','2016-11-26 08:00:21.585108');
INSERT INTO "django_migrations" VALUES(33,'AuthenticationApp','0012_auto_20161126_0723','2016-11-26 08:00:21.592251');
INSERT INTO "django_migrations" VALUES(34,'AuthenticationApp','0013_auto_20161126_0726','2016-11-26 08:00:21.596419');
INSERT INTO "django_migrations" VALUES(35,'AuthenticationApp','0014_auto_20161126_0730','2016-11-26 08:00:21.600081');
INSERT INTO "django_migrations" VALUES(36,'AuthenticationApp','0015_auto_20161126_0732','2016-11-26 08:00:21.604353');
INSERT INTO "django_migrations" VALUES(37,'AuthenticationApp','0016_auto_20161126_0740','2016-11-26 08:21:06.405423');
INSERT INTO "django_migrations" VALUES(38,'AuthenticationApp','0017_auto_20161126_0811','2016-11-26 08:21:06.615049');
INSERT INTO "django_migrations" VALUES(39,'AuthenticationApp','0018_auto_20161126_0816','2016-11-26 08:21:06.810104');
INSERT INTO "django_migrations" VALUES(40,'AuthenticationApp','0019_auto_20161126_0834','2016-11-26 08:34:53.720454');
INSERT INTO "django_migrations" VALUES(41,'AuthenticationApp','0020_auto_20161126_0915','2016-11-26 09:15:22.649480');
INSERT INTO "django_migrations" VALUES(42,'AuthenticationApp','0021_auto_20161126_1842','2016-11-26 18:45:07.057307');
INSERT INTO "django_migrations" VALUES(43,'AuthenticationApp','0022_auto_20161126_1844','2016-11-26 18:45:40.626810');
INSERT INTO "django_migrations" VALUES(44,'AuthenticationApp','0023_auto_20161126_1845','2016-11-26 18:45:40.707269');
INSERT INTO "django_migrations" VALUES(45,'AuthenticationApp','0024_auto_20161126_2133','2016-11-26 21:33:59.781679');
INSERT INTO "django_migrations" VALUES(46,'AuthenticationApp','0025_auto_20161126_2137','2016-11-26 21:37:24.394130');
INSERT INTO "django_migrations" VALUES(47,'AuthenticationApp','0021_auto_20161127_0107','2016-11-27 01:07:18.578857');
INSERT INTO "django_migrations" VALUES(48,'AuthenticationApp','0022_auto_20161127_0220','2016-11-27 02:20:58.500177');
INSERT INTO "django_migrations" VALUES(49,'AuthenticationApp','0023_auto_20161127_0220','2016-11-27 02:20:58.540987');
INSERT INTO "django_migrations" VALUES(50,'AuthenticationApp','0024_auto_20161127_0228','2016-11-27 02:28:37.008860');
INSERT INTO "django_migrations" VALUES(51,'AuthenticationApp','0025_auto_20161127_0243','2016-11-27 02:43:48.167529');
INSERT INTO "django_migrations" VALUES(52,'AuthenticationApp','0026_auto_20161127_0652','2016-11-27 06:52:37.699013');
INSERT INTO "django_migrations" VALUES(53,'AuthenticationApp','0027_myuser_joined_university','2016-11-27 16:59:30.108104');
INSERT INTO "django_migrations" VALUES(54,'AuthenticationApp','0028_auto_20161127_1811','2016-11-27 18:11:10.190892');
INSERT INTO "django_migrations" VALUES(55,'AuthenticationApp','0029_auto_20161127_1814','2016-11-27 18:14:22.957832');
INSERT INTO "django_migrations" VALUES(56,'AuthenticationApp','0030_auto_20161127_1918','2016-11-27 19:18:42.434506');
INSERT INTO "django_migrations" VALUES(57,'AuthenticationApp','0031_auto_20161127_1919','2016-11-27 19:19:21.943853');
CREATE TABLE "CompaniesApp_company" ("id" integer NOT NULL PRIMARY KEY AUTOINCREMENT, "name" varchar(30) NOT NULL, "photo" varchar(100) NOT NULL, "description" varchar(300) NOT NULL, "website" varchar(300) NOT NULL);
INSERT INTO "CompaniesApp_company" VALUES(1,'Google','static/companyimages/google_fldROpA.png','Literally Google','google.com');
INSERT INTO "CompaniesApp_company" VALUES(2,'IBM','static/companyimages/ibm_0ZchBoK.png','This is IBM','ibm.com');
INSERT INTO "CompaniesApp_company" VALUES(3,'Yelp','static/companyimages/yelp_zSKmId7.png','The reviews people','/');
CREATE TABLE "CompaniesApp_company_members" ("id" integer NOT NULL PRIMARY KEY AUTOINCREMENT, "company_id" integer NOT NULL REFERENCES "CompaniesApp_company" ("id"), "myuser_id" integer NOT NULL REFERENCES "AuthenticationApp_myuser" ("id"));
INSERT INTO "CompaniesApp_company_members" VALUES(1,1,10);
INSERT INTO "CompaniesApp_company_members" VALUES(2,2,10);
INSERT INTO "CompaniesApp_company_members" VALUES(3,3,10);
CREATE TABLE "GroupsApp_group" ("id" integer NOT NULL PRIMARY KEY AUTOINCREMENT, "name" varchar(30) NOT NULL, "description" varchar(300) NOT NULL);
INSERT INTO "GroupsApp_group" VALUES(1,'Test Group','testing');
INSERT INTO "GroupsApp_group" VALUES(2,'testgroup2','holy ****');
CREATE TABLE "GroupsApp_group_members" ("id" integer NOT NULL PRIMARY KEY AUTOINCREMENT, "group_id" integer NOT NULL REFERENCES "GroupsApp_group" ("id"), "myuser_id" integer NOT NULL REFERENCES "AuthenticationApp_myuser" ("id"));
INSERT INTO "GroupsApp_group_members" VALUES(2,1,1);
CREATE TABLE "ProjectsApp_project" ("id" integer NOT NULL PRIMARY KEY AUTOINCREMENT, "name" varchar(200) NOT NULL, "description" varchar(10000) NOT NULL, "created_at" datetime NOT NULL, "updated_at" datetime NOT NULL);
CREATE TABLE "UniversitiesApp_university_members" ("id" integer NOT NULL PRIMARY KEY AUTOINCREMENT, "university_id" integer NOT NULL REFERENCES "UniversitiesApp_university" ("id"), "myuser_id" integer NOT NULL REFERENCES "AuthenticationApp_myuser" ("id"));
INSERT INTO "UniversitiesApp_university_members" VALUES(1,1,1);
INSERT INTO "UniversitiesApp_university_members" VALUES(2,2,1);
CREATE TABLE "UniversitiesApp_course_members" ("id" integer NOT NULL PRIMARY KEY AUTOINCREMENT, "course_id" integer NOT NULL REFERENCES "UniversitiesApp_course" ("id"), "myuser_id" integer NOT NULL REFERENCES "AuthenticationApp_myuser" ("id"));
CREATE TABLE "UniversitiesApp_course" ("id" integer NOT NULL PRIMARY KEY AUTOINCREMENT, "tag" varchar(10) NOT NULL, "description" varchar(300) NOT NULL, "university_id" integer NOT NULL REFERENCES "UniversitiesApp_university" ("id"), "name" varchar(50) NOT NULL);
INSERT INTO "UniversitiesApp_course" VALUES(1,'CS490','Giant project class <3',2,'Senior Design');
INSERT INTO "UniversitiesApp_course" VALUES(4,'CS420','ayyyyyyyy',1,'intro to computers');
CREATE TABLE "django_admin_log" ("id" integer NOT NULL PRIMARY KEY AUTOINCREMENT, "object_id" text NULL, "object_repr" varchar(200) NOT NULL, "action_flag" smallint unsigned NOT NULL, "change_message" text NOT NULL, "content_type_id" integer NULL REFERENCES "django_content_type" ("id"), "user_id" integer NOT NULL REFERENCES "AuthenticationApp_myuser" ("id"), "action_time" datetime NOT NULL);
INSERT INTO "django_admin_log" VALUES(1,'4','internetman.ns7@gmail.com',3,'',8,1,'2016-11-25 05:20:32.946142');
INSERT INTO "django_admin_log" VALUES(2,'5','jmckesso@purdue.edu',3,'',8,1,'2016-11-25 05:20:32.997946');
INSERT INTO "django_admin_log" VALUES(3,'3','ndscott32@gmail.com',3,'',8,1,'2016-11-25 05:20:33.004699');
INSERT INTO "django_admin_log" VALUES(4,'2','scott343@purdue.edu',3,'',8,1,'2016-11-25 05:20:33.009361');
INSERT INTO "django_admin_log" VALUES(5,'6','jmckesso@purdue.edu',3,'',8,1,'2016-11-26 03:51:09.103293');
INSERT INTO "django_admin_log" VALUES(6,'4','internetman.ns7@gmail.com',3,'',8,1,'2016-11-26 03:55:17.591347');
INSERT INTO "django_admin_log" VALUES(7,'3','ndscott32@gmail.com',3,'',8,1,'2016-11-26 03:55:17.647291');
INSERT INTO "django_admin_log" VALUES(8,'2','scott343@purdue.edu',3,'',8,1,'2016-11-26 03:55:17.653228');
INSERT INTO "django_admin_log" VALUES(9,'10','jmckesso@purdue.edu',3,'',8,1,'2016-11-26 04:00:30.039625');
INSERT INTO "django_admin_log" VALUES(10,'9','rju@purdue.edu',3,'',8,1,'2016-11-26 04:00:30.091769');
INSERT INTO "django_admin_log" VALUES(11,'11','jmckesso@purdue.edu',3,'',8,1,'2016-11-26 04:18:12.719082');
INSERT INTO "django_admin_log" VALUES(12,'12','jmckesso@purdue.edu',3,'',8,1,'2016-11-26 04:29:09.628278');
INSERT INTO "django_admin_log" VALUES(13,'1','University of Notre Dame',1,'[{"added": {}}]',10,1,'2016-11-26 08:37:26.168083');
INSERT INTO "django_admin_log" VALUES(14,'2','Purdue University',1,'[{"added": {}}]',10,1,'2016-11-26 08:38:07.188151');
INSERT INTO "django_admin_log" VALUES(15,'3','Purdue University',1,'[{"added": {}}]',10,1,'2016-11-26 08:38:23.539411');
INSERT INTO "django_admin_log" VALUES(16,'1','University of Notre Dame',1,'[{"added": {}}]',10,1,'2016-11-26 08:41:15.165576');
INSERT INTO "django_admin_log" VALUES(17,'2','Purdue University',1,'[{"added": {}}]',10,1,'2016-11-26 08:41:38.619697');
INSERT INTO "django_admin_log" VALUES(18,'10','rju@purdue.edu',1,'[{"added": {}}]',8,1,'2016-11-26 18:22:55.461046');
INSERT INTO "django_admin_log" VALUES(19,'10','rju@purdue.edu',2,'[{"changed": {"fields": ["first_name", "last_name"]}}]',8,1,'2016-11-26 18:23:02.155042');
INSERT INTO "django_admin_log" VALUES(20,'10','rju@purdue.edu',2,'[]',8,1,'2016-11-26 18:23:04.461975');
INSERT INTO "django_admin_log" VALUES(21,'13','g@gmail.com',3,'',8,1,'2016-11-27 01:10:55.704497');
INSERT INTO "django_admin_log" VALUES(22,'9','internetman.ns7@gmail.com',3,'',8,1,'2016-11-27 01:10:55.759576');
INSERT INTO "django_admin_log" VALUES(23,'8','ndscott32@gmail.com',3,'',8,1,'2016-11-27 01:10:55.765857');
INSERT INTO "django_admin_log" VALUES(24,'3','Ball State University',1,'[{"added": {}}]',10,1,'2016-11-27 04:09:59.012780');
INSERT INTO "django_admin_log" VALUES(25,'15','g@gmail.com',3,'',8,1,'2016-11-27 06:12:21.379082');
INSERT INTO "django_admin_log" VALUES(26,'20','wefaf@feefe.com',3,'',8,1,'2016-11-27 06:12:21.467847');
INSERT INTO "django_admin_log" VALUES(27,'18','wefawf@feefe.com',3,'',8,1,'2016-11-27 06:12:21.473697');
INSERT INTO "django_admin_log" VALUES(28,'19','wefawwf@feefe.com',3,'',8,1,'2016-11-27 06:12:21.479001');
INSERT INTO "django_admin_log" VALUES(29,'17','wefwe@gmail.com',3,'',8,1,'2016-11-27 06:12:21.484197');
INSERT INTO "django_admin_log" VALUES(30,'16','ww@www.com',3,'',8,1,'2016-11-27 06:12:21.489211');
INSERT INTO "django_admin_log" VALUES(31,'14','ndscott32@gmail.com',3,'',14,1,'2016-11-27 06:12:54.609956');
INSERT INTO "django_admin_log" VALUES(32,'1','Google',1,'[{"added": {}}]',7,1,'2016-11-27 06:56:18.675976');
INSERT INTO "django_admin_log" VALUES(33,'2','IBM',1,'[{"added": {}}]',7,1,'2016-11-27 06:57:22.109114');
INSERT INTO "django_admin_log" VALUES(34,'3','Yelp',1,'[{"added": {}}]',7,1,'2016-11-27 06:57:38.689761');
CREATE TABLE "django_content_type" ("id" integer NOT NULL PRIMARY KEY AUTOINCREMENT, "app_label" varchar(100) NOT NULL, "model" varchar(100) NOT NULL);
INSERT INTO "django_content_type" VALUES(1,'admin','logentry');
INSERT INTO "django_content_type" VALUES(2,'auth','group');
INSERT INTO "django_content_type" VALUES(3,'auth','permission');
INSERT INTO "django_content_type" VALUES(4,'contenttypes','contenttype');
INSERT INTO "django_content_type" VALUES(5,'sessions','session');
INSERT INTO "django_content_type" VALUES(6,'ProjectsApp','project');
INSERT INTO "django_content_type" VALUES(7,'CompaniesApp','company');
INSERT INTO "django_content_type" VALUES(8,'AuthenticationApp','myuser');
INSERT INTO "django_content_type" VALUES(9,'GroupsApp','group');
INSERT INTO "django_content_type" VALUES(10,'UniversitiesApp','university');
INSERT INTO "django_content_type" VALUES(11,'UniversitiesApp','course');
INSERT INTO "django_content_type" VALUES(12,'CommentsApp','comment');
INSERT INTO "django_content_type" VALUES(13,'AuthenticationApp','student');
INSERT INTO "django_content_type" VALUES(14,'AuthenticationApp','professor');
INSERT INTO "django_content_type" VALUES(15,'AuthenticationApp','engineer');
CREATE TABLE "auth_group" ("id" integer NOT NULL PRIMARY KEY AUTOINCREMENT, "name" varchar(80) NOT NULL UNIQUE);
CREATE TABLE "auth_group_permissions" ("id" integer NOT NULL PRIMARY KEY AUTOINCREMENT, "group_id" integer NOT NULL REFERENCES "auth_group" ("id"), "permission_id" integer NOT NULL REFERENCES "auth_permission" ("id"));
CREATE TABLE "auth_permission" ("id" integer NOT NULL PRIMARY KEY AUTOINCREMENT, "content_type_id" integer NOT NULL REFERENCES "django_content_type" ("id"), "codename" varchar(100) NOT NULL, "name" varchar(255) NOT NULL);
INSERT INTO "auth_permission" VALUES(1,1,'add_logentry','Can add log entry');
INSERT INTO "auth_permission" VALUES(2,1,'change_logentry','Can change log entry');
INSERT INTO "auth_permission" VALUES(3,1,'delete_logentry','Can delete log entry');
INSERT INTO "auth_permission" VALUES(4,2,'add_group','Can add group');
INSERT INTO "auth_permission" VALUES(5,2,'change_group','Can change group');
INSERT INTO "auth_permission" VALUES(6,2,'delete_group','Can delete group');
INSERT INTO "auth_permission" VALUES(7,3,'add_permission','Can add permission');
INSERT INTO "auth_permission" VALUES(8,3,'change_permission','Can change permission');
INSERT INTO "auth_permission" VALUES(9,3,'delete_permission','Can delete permission');
INSERT INTO "auth_permission" VALUES(10,4,'add_contenttype','Can add content type');
INSERT INTO "auth_permission" VALUES(11,4,'change_contenttype','Can change content type');
INSERT INTO "auth_permission" VALUES(12,4,'delete_contenttype','Can delete content type');
INSERT INTO "auth_permission" VALUES(13,5,'add_session','Can add session');
INSERT INTO "auth_permission" VALUES(14,5,'change_session','Can change session');
INSERT INTO "auth_permission" VALUES(15,5,'delete_session','Can delete session');
INSERT INTO "auth_permission" VALUES(16,6,'add_project','Can add project');
INSERT INTO "auth_permission" VALUES(17,6,'change_project','Can change project');
INSERT INTO "auth_permission" VALUES(18,6,'delete_project','Can delete project');
INSERT INTO "auth_permission" VALUES(19,7,'add_company','Can add company');
INSERT INTO "auth_permission" VALUES(20,7,'change_company','Can change company');
INSERT INTO "auth_permission" VALUES(21,7,'delete_company','Can delete company');
INSERT INTO "auth_permission" VALUES(22,8,'add_myuser','Can add my user');
INSERT INTO "auth_permission" VALUES(23,8,'change_myuser','Can change my user');
INSERT INTO "auth_permission" VALUES(24,8,'delete_myuser','Can delete my user');
INSERT INTO "auth_permission" VALUES(25,9,'add_group','Can add group');
INSERT INTO "auth_permission" VALUES(26,9,'change_group','Can change group');
INSERT INTO "auth_permission" VALUES(27,9,'delete_group','Can delete group');
INSERT INTO "auth_permission" VALUES(28,10,'add_university','Can add university');
INSERT INTO "auth_permission" VALUES(29,10,'change_university','Can change university');
INSERT INTO "auth_permission" VALUES(30,10,'delete_university','Can delete university');
INSERT INTO "auth_permission" VALUES(31,11,'add_course','Can add course');
INSERT INTO "auth_permission" VALUES(32,11,'change_course','Can change course');
INSERT INTO "auth_permission" VALUES(33,11,'delete_course','Can delete course');
INSERT INTO "auth_permission" VALUES(34,12,'add_comment','Can add comment');
INSERT INTO "auth_permission" VALUES(35,12,'change_comment','Can change comment');
INSERT INTO "auth_permission" VALUES(36,12,'delete_comment','Can delete comment');
INSERT INTO "auth_permission" VALUES(37,13,'add_student','Can add student');
INSERT INTO "auth_permission" VALUES(38,13,'change_student','Can change student');
INSERT INTO "auth_permission" VALUES(39,13,'delete_student','Can delete student');
INSERT INTO "auth_permission" VALUES(40,14,'add_professor','Can add professor');
INSERT INTO "auth_permission" VALUES(41,14,'change_professor','Can change professor');
INSERT INTO "auth_permission" VALUES(42,14,'delete_professor','Can delete professor');
INSERT INTO "auth_permission" VALUES(43,15,'add_engineer','Can add engineer');
INSERT INTO "auth_permission" VALUES(44,15,'change_engineer','Can change engineer');
INSERT INTO "auth_permission" VALUES(45,15,'delete_engineer','Can delete engineer');
CREATE TABLE "django_session" ("session_key" varchar(40) NOT NULL PRIMARY KEY, "session_data" text NOT NULL, "expire_date" datetime NOT NULL);
INSERT INTO "django_session" VALUES('m8dajv4qditoznmj1dirwztz29lsaiyl','ZDlhYmE2OTk2MjAzNjNmMTU0ZDMyYzRmMDY4NmY2NTVhOWJkNTcwOTp7Il9hdXRoX3VzZXJfaGFzaCI6IjFiYTE1YzBmNmQxMTk2YmFiNmRiYmUxNThhYjdlYjIzYjI1ZWU3NTciLCJfYXV0aF91c2VyX2JhY2tlbmQiOiJkamFuZ28uY29udHJpYi5hdXRoLmJhY2tlbmRzLk1vZGVsQmFja2VuZCIsIl9hdXRoX3VzZXJfaWQiOiIxIn0=','2016-12-10 18:37:24.130473');
INSERT INTO "django_session" VALUES('a65k00x3tu0mb25xuczz4x23j6xi2dig','Njc5NTNiZmI3M2U0YmRjMmI5ZWE2NDUyZGI2ODFkNTRkYTY3MThhNzp7Il9hdXRoX3VzZXJfaGFzaCI6ImYwMjIyMjQ1NjlmNGQ4YTE2MjFiMmEwOWM3YzcwNDNmNTRkMTdhM2IiLCJfYXV0aF91c2VyX2JhY2tlbmQiOiJkamFuZ28uY29udHJpYi5hdXRoLmJhY2tlbmRzLk1vZGVsQmFja2VuZCIsIl9hdXRoX3VzZXJfaWQiOiIzMSJ9','2016-12-12 19:20:30.905686');
CREATE TABLE "CommentsApp_comment" ("id" integer NOT NULL PRIMARY KEY AUTOINCREMENT, "time" datetime NOT NULL, "comment" varchar(500) NOT NULL);
INSERT INTO "CommentsApp_comment" VALUES(1,'2016-11-13 17:01:38.663149','test');
CREATE TABLE "UniversitiesApp_university" (
	`id`	INTEGER,
	`name`	TEXT,
	`photo`	BLOB,
	`description`	TEXT,
	`website`	TEXT,
	`members`	TEXT,
	PRIMARY KEY(`id`)
);
INSERT INTO "UniversitiesApp_university" VALUES(1,'University of Notre Dame','static/universityimages/NOTREDAME_6oQ1Url.png','Fighting Irish','nd.edu',NULL);
INSERT INTO "UniversitiesApp_university" VALUES(2,'Purdue University','static/universityimages/i_ZOJkDO0.png','Boilermakers','purdue.edu',NULL);
INSERT INTO "UniversitiesApp_university" VALUES(3,'Ball State University','static/universityimages/bsu_8jmiT8v.jpg','Cardinals','bsu.edu',NULL);
CREATE TABLE "AuthenticationApp_engineer" ("user_id" integer NOT NULL PRIMARY KEY REFERENCES "AuthenticationApp_myuser" ("id"));
INSERT INTO "AuthenticationApp_engineer" VALUES(10);
CREATE TABLE "AuthenticationApp_professor" ("user_id" integer NOT NULL PRIMARY KEY REFERENCES "AuthenticationApp_myuser" ("id"));
INSERT INTO "AuthenticationApp_professor" VALUES(26);
INSERT INTO "AuthenticationApp_professor" VALUES(27);
INSERT INTO "AuthenticationApp_professor" VALUES(29);
INSERT INTO "AuthenticationApp_professor" VALUES(31);
CREATE TABLE "AuthenticationApp_student" ("user_id" integer NOT NULL PRIMARY KEY REFERENCES "AuthenticationApp_myuser" ("id"));
INSERT INTO "AuthenticationApp_student" VALUES(22);
INSERT INTO "AuthenticationApp_student" VALUES(23);
INSERT INTO "AuthenticationApp_student" VALUES(24);
INSERT INTO "AuthenticationApp_student" VALUES(28);
INSERT INTO "AuthenticationApp_student" VALUES(30);
CREATE TABLE "AuthenticationApp_myuser" ("id" integer NOT NULL PRIMARY KEY AUTOINCREMENT, "password" varchar(128) NOT NULL, "last_login" datetime NULL, "email" varchar(255) NOT NULL UNIQUE, "first_name" varchar(120) NULL, "last_name" varchar(120) NULL, "is_active" bool NOT NULL, "is_admin" bool NOT NULL, "about" varchar(120) NULL, "usertype" varchar(3) NULL, "univ" varchar(120) NULL, "joined_university" bool NOT NULL);
INSERT INTO "AuthenticationApp_myuser" VALUES(1,'pbkdf2_sha256$30000$19VKe2NYKzuY$9xcYoWpkzlZa8zaS9LLQfedUvvy96iTYcRp7U/40Q0A=','2016-11-28 19:18:08.869753','scott246@purdue.edu','Nathan','Scott',1,1,'I run this shit',NULL,'2',0);
INSERT INTO "AuthenticationApp_myuser" VALUES(10,'pbkdf2_sha256$30000$BoidjFqGXWpC$8IodnGUsBsFNPsA+a+qxsFWAkh70tQgwqxr7W/GuZP8=','2016-11-26 18:38:46.028056','rju@purdue.edu','Richard','Ju',1,0,'wysiwyg','ENG','3',0);
INSERT INTO "AuthenticationApp_myuser" VALUES(22,'pbkdf2_sha256$30000$E70MelpwgjJ8$NomtKnSTIBR/Y2bd1COjFYimHr1bqL9ZIloBSHrt4kY=','2016-11-27 06:14:51.210306','student2@student.com','student','o''student',1,0,'ayy lmao','STU','1',0);
INSERT INTO "AuthenticationApp_myuser" VALUES(23,'pbkdf2_sha256$30000$HAsLIcE3ozpE$88WEX8k/CyY433VmiyGuWT09e+qL88FI6N8J/F0H1wE=','2016-11-27 18:54:46.765127','student3@student.com','student','de''student',1,0,'jjjjj','STU','Stanford',0);
INSERT INTO "AuthenticationApp_myuser" VALUES(24,'pbkdf2_sha256$30000$FSZlPDK1vd5L$Fk4aIRU5xpcXEAUMADA1aVyyj0rJeXwgOAcWJ0+t3VE=','2016-11-27 19:19:31.838077','student4@student.com','student','studentson',1,0,'really just questioning my life choices','STU','purdue',0);
INSERT INTO "AuthenticationApp_myuser" VALUES(27,'pbkdf2_sha256$30000$cpAKRwUOZEzT$FCTIdXu8POBM45YGFe5zoTGPTHOGZ1sfotl7vA3rmhs=','2016-11-28 17:42:41.284464','jmckesso@purdue.edu','Jacob','McKesson',1,0,'xD
prof@ND','PRO','ND',0);
INSERT INTO "AuthenticationApp_myuser" VALUES(30,'pbkdf2_sha256$30000$ls5oqSIJ5Kiw$he1yseUoGzFkBJKRGVKtcXbhT6NfDTdav7RAE9G0md0=','2016-11-28 19:15:29.776429','prof2@prof.com','prof','profington',1,0,'this is weird yo
how do you even
what do
such wow','STU','university of profs',0);
INSERT INTO "AuthenticationApp_myuser" VALUES(31,'pbkdf2_sha256$30000$JcAhkO8p0yoM$pqduiRQAVHluwweobZmk0VRUMfQpteo2pEX/zj9/JeM=','2016-11-28 19:20:30.901458','prof3@prof.com','prof','profington',1,0,'such wow
many prof
much happy
wow','PRO','u of profs',0);
DELETE FROM sqlite_sequence;
INSERT INTO "sqlite_sequence" VALUES('django_migrations',57);
INSERT INTO "sqlite_sequence" VALUES('UniversitiesApp_course',4);
INSERT INTO "sqlite_sequence" VALUES('django_admin_log',34);
INSERT INTO "sqlite_sequence" VALUES('django_content_type',15);
INSERT INTO "sqlite_sequence" VALUES('auth_permission',45);
INSERT INTO "sqlite_sequence" VALUES('CommentsApp_comment',1);
INSERT INTO "sqlite_sequence" VALUES('GroupsApp_group',2);
INSERT INTO "sqlite_sequence" VALUES('GroupsApp_group_members',3);
INSERT INTO "sqlite_sequence" VALUES('UniversitiesApp_university_members',66);
INSERT INTO "sqlite_sequence" VALUES('UniversitiesApp_course_members',12);
INSERT INTO "sqlite_sequence" VALUES('CompaniesApp_company',3);
INSERT INTO "sqlite_sequence" VALUES('CompaniesApp_company_members',4);
INSERT INTO "sqlite_sequence" VALUES('AuthenticationApp_myuser',31);
CREATE UNIQUE INDEX "CompaniesApp_company_members_company_id_578e37d6_uniq" ON "CompaniesApp_company_members" ("company_id", "myuser_id");
CREATE INDEX "CompaniesApp_company_members_447d3092" ON "CompaniesApp_company_members" ("company_id");
CREATE INDEX "CompaniesApp_company_members_8b14fb18" ON "CompaniesApp_company_members" ("myuser_id");
CREATE UNIQUE INDEX "GroupsApp_group_members_group_id_5a832ecd_uniq" ON "GroupsApp_group_members" ("group_id", "myuser_id");
CREATE INDEX "GroupsApp_group_members_0e939a4f" ON "GroupsApp_group_members" ("group_id");
CREATE INDEX "GroupsApp_group_members_8b14fb18" ON "GroupsApp_group_members" ("myuser_id");
CREATE UNIQUE INDEX "UniversitiesApp_university_members_university_id_6023d885_uniq" ON "UniversitiesApp_university_members" ("university_id", "myuser_id");
CREATE INDEX "UniversitiesApp_university_members_890553cf" ON "UniversitiesApp_university_members" ("university_id");
CREATE INDEX "UniversitiesApp_university_members_8b14fb18" ON "UniversitiesApp_university_members" ("myuser_id");
CREATE UNIQUE INDEX "UniversitiesApp_course_members_course_id_c85b7031_uniq" ON "UniversitiesApp_course_members" ("course_id", "myuser_id");
CREATE INDEX "UniversitiesApp_course_members_ea134da7" ON "UniversitiesApp_course_members" ("course_id");
CREATE INDEX "UniversitiesApp_course_members_8b14fb18" ON "UniversitiesApp_course_members" ("myuser_id");
CREATE INDEX "UniversitiesApp_course_890553cf" ON "UniversitiesApp_course" ("university_id");
CREATE INDEX "django_admin_log_417f1b1c" ON "django_admin_log" ("content_type_id");
CREATE INDEX "django_admin_log_e8701ad4" ON "django_admin_log" ("user_id");
CREATE UNIQUE INDEX "django_content_type_app_label_76bd3d3b_uniq" ON "django_content_type" ("app_label", "model");
CREATE UNIQUE INDEX "auth_group_permissions_group_id_0cd325b0_uniq" ON "auth_group_permissions" ("group_id", "permission_id");
CREATE INDEX "auth_group_permissions_0e939a4f" ON "auth_group_permissions" ("group_id");
CREATE INDEX "auth_group_permissions_8373b171" ON "auth_group_permissions" ("permission_id");
CREATE UNIQUE INDEX "auth_permission_content_type_id_01ab375a_uniq" ON "auth_permission" ("content_type_id", "codename");
CREATE INDEX "auth_permission_417f1b1c" ON "auth_permission" ("content_type_id");
CREATE INDEX "django_session_de54fa62" ON "django_session" ("expire_date");
COMMIT;
